id,email,first_name,last_name,dob,password_hash,created_at,profile_picture_url,gender,city,college
c7c1917a-e116-4f13-8da9-713456c11bd4,adamsingh28@gmail.com,Adam,Sing,1983-11-15,$2b$10$tkRGxAzlNDgmO5b1dbcSd.nb0C8tKJ5nM0VQoe1P4GgDNO4DHBJnG,2024-11-12 02:59:17.115385-05,https://storage.googleapis.com/connect_profile_pictures/1731398356174-male_1.jpg,male,"Seneca College Newnham Campus, 1750 Finch Ave E, North York, Ontario M2H 2L5, Canada","Scarborough, Ontario, Canada"
64f33566-ec2b-4e83-aed1-7798573e9aeb,mikejohnson32@gmail.com,Mike,Johnson,2002-11-23,$2b$10$1rQIPWiuvLaW3JdJcM5z6ODvhGkP.9IDNbaZpVL73y9qQaWr9zTMu,2024-11-12 03:10:43.673968-05,https://storage.googleapis.com/connect_profile_pictures/1731398922456-male_2.jpg,male,"Centennial College, 75 Ashtonbee Rd, Scarborough, Ontario M1L 4C9, Canada","Brampton, Ontario, Canada"
5d81e3fa-ed1b-4f36-8257-8193ef78a3c9,robertmiller33@gmail.com,Robert,Miller,1967-11-25,$2b$10$QuKYeHPf0T/Owckl1q9esOVmtUIb75.TcYVM0cwRLRaAeTaVa/Z/S,2024-11-12 03:12:28.981549-05,https://storage.googleapis.com/connect_profile_pictures/1731399042818-male_3.jpg,male,"Fanshawe College, 1001 Fanshawe College Blvd., London, Ontario N5V 1W2, Canada","Ajax, Ontario, Canada"
a3627137-e032-452f-9b98-fd7dd1be5f70,williamanderson54@outlook.com,William,Anderson,1953-11-10,$2b$10$sxf4tWM2n.vNCgqcJIVmUua3qTmx922iTVc.9BYqU.cZKNmwQO7Zm,2024-11-12 03:23:03.763753-05,https://storage.googleapis.com/connect_profile_pictures/1731399148527-male_4.jpg,male,"Niagara College, 300 Woodlawn Rd, Welland, Ontario L3C 6Z7, Canada","Campbellford, Ontario, Canada"
d7849afd-4228-474c-9d7d-3e4c7c211285,erjonmuca28@gmail.com,Erjon,Muca,1995-11-18,$2b$10$tkGFBkWoL4Bx1IXUxStl2OBR3145Z/jh/ToK209VrkcipO3685ALe,2024-11-12 03:31:32.401251-05,https://storage.googleapis.com/connect_profile_pictures/1731399783037-male_5.jpg,male,"Seneca College Newnham Campus, 1750 Finch Ave E, North York, Ontario M2H 2L5, Canada","Scarborough, Ontario, Canada"
4166a15a-2cdd-48b2-914b-723e19486ac2,nishakc28@gmail.com,Nisha,Kc,1977-11-16,$2b$10$W4qka4p/ZdJ75xOpgYBS7urKdKHjXiwXGLfRXDoRjOwJu/MgQYd.W,2024-11-12 03:08:43.250264-05,https://storage.googleapis.com/connect_profile_pictures/1731400150415-female_1.jpg,female,"Centennial College, 75 Ashtonbee Rd, Scarborough, Ontario M1L 4C9, Canada","Brampton, Ontario, Canada"
41b397f9-c2bd-486f-866a-36f269442725,amandajones47@gmail.com,Amanda,Jones,1997-05-22,$2b$10$EYvrku/UtKbSMkllrEvHO.AIdAKAYHzMgxeWzUoDYswinNochDRdi,2024-11-12 03:29:11.074876-05,https://storage.googleapis.com/connect_profile_pictures/1731400291903-female_2.jpg,female,"Fanshawe College, 1001 Fanshawe College Blvd., London, Ontario N5V 1W2, Canada","Ajax, Ontario, Canada"
b946a9fb-a9ce-447e-8540-bcdc6c38517d,emilydavis88@outlook.com,Emily,Davis,1994-06-15,$2b$10$avErF.y3.H667pYRU3qQJeWjI.QAyfoZmrxDdEz7ZxZp/tO4CYP/K,2024-11-12 03:32:21.216097-05,https://storage.googleapis.com/connect_profile_pictures/1731400340642-female_3.jpg,female,"Niagara College, 300 Woodlawn Rd, Welland, Ontario L3C 6Z7, Canada","Campbellford, Ontario, Canada"
cda1a71c-1948-4e44-9861-0fd70a48e3db,sarahmiller22@gmail.com,Sarah,Miller,1993-12-22,$2b$10$y.Wi1CuQ8oX1FsFAb1DL/Oj7Z.KnCn59xmtN.vNw7pDuPxvQZ3uLK,2024-11-12 03:34:57.103017-05,https://storage.googleapis.com/connect_profile_pictures/1731400496353-female_4.jpg,female,"Seneca College Newnham Campus, 1750 Finch Ave E, North York, Ontario M2H 2L5, Canada","Scarborough, Ontario, Canada"
f373d93f-4cab-4e37-a768-18ffc464f843,rebeccawilson19@yahoo.com,Rebecca,Wilson,2024-11-22,$2b$10$Ho3A7X0N1rgYaX56/yk7eO1oadiH0OVIPNAXfYlWPw/r2cTybbl5O,2024-11-12 03:36:50.818218-05,https://storage.googleapis.com/connect_profile_pictures/1731400610324-female_5.jpg,female,"Centennial College, 75 Ashtonbee Rd, Scarborough, Ontario M1L 4C9, Canada","Brampton, Ontario, Canada"
